グループ,本数,No,投稿日,ファイル名,表紙テキスト,フック
"掲載費・広告費の無駄",58,6,2025/04/06,F_reel_20,"正しい採用の順番","自社の受け皿が未完成のまま広告費をかけるのは、穴の空いたバケツに上から水を注ぐのと同じです"
"掲載費・広告費の無駄",58,10,2025/04/10,J_reel_19,"見えない採用コスト","高額な掲載費を支払い続けて採用がゼロなら、現金をそのまま火で燃やして捨てたのと同じです"
"掲載費・広告費の無駄",58,16,2025/04/16,P_reel_17,"条件競争の泥沼","給料など数字で他社と戦うのは、資金力に勝る大企業との泥沼の消耗戦への入り口です"
"掲載費・広告費の無駄",58,20,2025/04/20,T_reel_19,"見えない採用コストの完全な闇","直近5年間に消えた求人掲載費の総額で、強固な自社の採用専用ページが余裕で作れる金額です"
"掲載費・広告費の無駄",58,26,2025/04/26,B_reel_24,"採用できる会社の違い","優秀な人材を他社に奪われているのに、まだ古い求人サイトにしがみついて消耗していか"
"掲載費・広告費の無駄",58,28,2025/04/28,D_reel_17,"条件以外の価値を語れ","給与等の待遇だけで他社と戦うのは、中小にとって勝ち目のない絶望的な消耗戦です"
"掲載費・広告費の無駄",58,32,2025/05/02,H_reel_24,"大手の影から逃れる","大手と同じプラットフォームの中での勝負は、結果の見え透いた残酷な資金力と規模の消耗戦です"
"掲載費・広告費の無駄",58,35,2025/05/05,K_reel_03,"消える広告費の総裁","過去5年間で代理店に払った掲載費の総額で、完璧な採用サイトがお釣りが来るほど作れます"
"掲載費・広告費の無駄",58,44,2025/05/14,T_reel_17,"条件競争からの死の脱出","給与の数字等だけで他社と戦うのは、大手との泥沼の勝てない消耗戦への入り口です"
"掲載費・広告費の無駄",58,47,2025/05/17,W_reel_08,"受け皿なき広告への課金","SNS集客等のアクセルを全開に踏む前に、無敵の情報をもつ情報の応募受け皿を構築すべきです"
"掲載費・広告費の無駄",58,49,2025/05/19,A_reel_10,"見えない採用コスト","数十万の求人広告費を複数の媒体に流し、1人の採用にいくら溶かしたか即答できますか"
"掲載費・広告費の無駄",58,64,2025/06/03,P_reel_29,"広告費を資産へ転換","媒体は高い掛け捨て家賃であり、採用の独自知見が自社に全く戻ってこない最悪の構造である為です"
"掲載費・広告費の無駄",58,66,2025/06/05,R_reel_17,"条件競争からの死の脱出","給与の数字だけで他社と戦うのは、大企業との泥沼の「死の消耗戦」への入り口です"
"掲載費・広告費の無駄",58,67,2025/06/06,S_reel_15,"採用費の使い道の完全な転換","媒体に使い捨てていた広告費の総額で、自社の基盤を余裕で作れるほどの巨額な血税になります"
"掲載費・広告費の無駄",58,69,2025/06/08,U_reel_04,"自社資産盾","外部メディアへの投資は掛け捨てですが、自社ページへの投資は来年も働く資産です"
"掲載費・広告費の無駄",58,70,2025/06/09,V_reel_17,"条件競争からの死の脱出劇","給与等の数字だけで他社と戦うのは、大手企業との泥沼の「死の消耗戦」への一直線の入り口です"
"掲載費・広告費の無駄",58,75,2025/06/14,C_reel_08,"広告費の行き先","安く見える媒体掲載が、自社の知見が残らない長期的には一番コストになります"
"掲載費・広告費の無駄",58,77,2025/06/16,E_reel_03,"消える広告費","何年も高額費用を払い続けても自社に残るインフラがゼロでは、空しくなりか"
"掲載費・広告費の無駄",58,80,2025/06/19,H_reel_22,"広告費を資産へ","媒体への高額な掲載費は使った瞬間に消えるだけの掛け捨てであり、終われば手元に何も残りません"
"掲載費・広告費の無駄",58,81,2025/06/20,I_reel_02,"掲載消耗戦の終わり","大金を媒体に払って数名採用して離職が繰り返される、終わらないループに絶望していか"
"掲載費・広告費の無駄",58,86,2025/06/25,N_reel_24,"受け皿なき集客の死","詳細情報の最終地点が未完成なのに高い広告費をかけるのは、穴の空いたバケツに水を注ぐ行為です"
"掲載費・広告費の無駄",58,93,2025/07/02,U_reel_15,"広告費を資産へ","媒体への掲載費は掛け捨てであり、採用の強烈な知見として自社には何一つ戻りません"
"掲載費・広告費の無駄",58,105,2025/07/14,I_reel_10,"採用投資への移行","長年支払い続けた手軽な掲載費は業者に吸い取られて消滅し、自社のインフラとして残りません"
"掲載費・広告費の無駄",58,114,2025/07/23,R_reel_29,"広告費を不滅の資産に変える","媒体への掲載費は掛け捨てであり、採用の知見として自社には何一つ戻りません"
"掲載費・広告費の無駄",58,119,2025/07/28,W_reel_15,"採用費用の180度の転換","効果の薄い媒体へ捨てていた広告費の総額は、自社基盤を余裕で持てるほどの巨額な血税です"
"掲載費・広告費の無駄",58,132,2025/08/10,L_reel_19,"掲載費の無間地獄","採用ゼロでも引き落とされる媒体の掲載費は、利益を静かに食い潰し続ける終わりのない借金です"
"掲載費・広告費の無駄",58,144,2025/08/22,X_reel_30,"自社資産採用の盾","媒体への投資は掛け捨てですが、自社ページへの投資は来年も働き続ける無敵の資産です"
"掲載費・広告費の無駄",58,152,2025/08/30,H_reel_17,"条件以外の価値","休日や給料の数字だけで他社と戦うのは、大企業との勝てない泥沼の不毛な消耗戦です"
"掲載費・広告費の無駄",58,158,2025/09/05,N_reel_29,"広告費を資産へ","媒体への掲載費は掛け捨ての家賃であり、自立した採用の知見として自社には全く戻りません"
"掲載費・広告費の無駄",58,159,2025/09/06,O_reel_04,"自社メディアの資産化","求人媒体への課金は他人の畑に肥料を撒く行為であり、自社の独自の採用の根っこは育ちません"
"掲載費・広告費の無駄",58,161,2025/09/08,Q_reel_15,"広告費を不滅の資産へ","求人媒体に使い捨てた広告費の総額で、自社の強固な基盤が余裕で作れる金額です"
"掲載費・広告費の無駄",58,166,2025/09/13,V_reel_29,"広告費を消えない資産へと変える","媒体への掲載費は消えゆく掛け捨てであり、採用の知見として自社には何一つ戻ってきません"
"掲載費・広告費の無駄",58,183,2025/09/30,O_reel_15,"採用費の使い道の転換","媒体へ使い捨てた広告費の総額は、自社の完璧な基盤を作るのに十分すぎるほどの巨額の無駄です"
"掲載費・広告費の無駄",58,193,2025/10/10,A_reel_01,"広告費の罠","求人サイトに払い続ける掲載費は、掲載期間が終われば1円も手元に残りません"
"掲載費・広告費の無駄",58,199,2025/10/16,G_reel_13,"採用費の使い道","毎月使い捨てていた広告費をかき集めれば、自社専用の採用基盤を余裕で作る十分な予算になります"
"掲載費・広告費の無駄",58,212,2025/10/29,T_reel_24,"受け皿なき集客の完全な死の徒労","情報の受け皿が未完成なのに広告費をかけるのは、穴の空いたバケツに水を注ぐのと同じです"
"掲載費・広告費の無駄",58,213,2025/10/30,U_reel_07,"数字競争の泥沼","給料などの数字だけで他社と勝負するのは、資金で勝る大手との全滅確定の死の消耗戦です"
"掲載費・広告費の無駄",58,219,2025/11/05,C_reel_13,"採用資産を育てる","何年も掛け捨てた媒体費を計算し、自前の採用ページが余裕で作れたと後悔しか"
"掲載費・広告費の無駄",58,220,2025/11/06,D_reel_19,"掲載費の罠から抜け出す","面接がゼロの月も容赦なく引き落とされる「媒体掲載費」が、会社の利益を一番重く圧迫します"
"掲載費・広告費の無駄",58,229,2025/11/15,M_reel_15,"採用費の使い道","使い捨てた数年分の広告費の総額は、自社の完璧な基盤を作るのに十分すぎる巨額です"
"掲載費・広告費の無駄",58,230,2025/11/16,N_reel_17,"条件競争からの脱落","給与の数字だけで他社と戦うのは、知名度と資金力に勝る大企業との泥沼の消耗戦です"
"掲載費・広告費の無駄",58,236,2025/11/22,T_reel_29,"広告費を消えない資産へと変える","媒体への掲載費は掛け捨てであり、採用の知見として自社には何一つ戻ってきません"
"掲載費・広告費の無駄",58,241,2025/11/27,A_reel_03,"採用できない理由","人が辞めるたびに100万単位の求人広告費が飛んでいくと、現場で頭を抱えていか"
"掲載費・広告費の無駄",58,251,2025/12/07,K_reel_06,"広告露出の限界","検索上位の枠を買う為大量の広告費をかけても、自動で倍の人が採れるわけではありません"
"掲載費・広告費の無駄",58,253,2025/12/09,M_reel_04,"自社メディアの資産","求人媒体への課金は他人の畑に高額な肥料を撒く行為であり、自社の採用力は育ちません"
"掲載費・広告費の無駄",58,258,2025/12/14,R_reel_24,"受け皿なき集客の死の徒労","情報の受け皿が未完成なのに広告費をかけるのは、穴の空いたバケツに水を注ぐのと同じです"
"掲載費・広告費の無駄",58,262,2025/12/18,V_reel_24,"受け皿なき集客の完全な死の徒労","情報の受け皿が未完成なのに大量の広告費をかけるのは、穴の空いたバケツに水を注ぐのと同じです"
"掲載費・広告費の無駄",58,263,2025/12/19,W_reel_04,"採用メディアの資産化","求人への高額課金は他人の畑に高い肥料を撒く行為であり、自社の土壌には採用の根が育ちません"
"掲載費・広告費の無駄",58,266,2025/12/22,B_reel_16,"掲載費の消耗","数十万の求人費を払っても、問い合わせゼロで終わる絶望的な月が何度もありか"
"掲載費・広告費の無駄",58,272,2025/12/28,H_reel_19,"受け皿なき広告","高額な広告費を10倍に増やしても採用が増えないなら、原因は受け皿側の弱さです"
"掲載費・広告費の無駄",58,280,2026/01/05,P_reel_24,"受け皿なき集客の死路","情報の受け皿が未完成なのに高い広告費をかけるのは、穴の空いた大バケツに水を注ぐ行為です"
"掲載費・広告費の無駄",58,317,2026/02/11,E_reel_12,"費用の見えない罠","5年間で媒体に払い続けてきた掲載費の総額を計算すると、莫大な金額です"
"掲載費・広告費の無駄",58,326,2026/02/20,N_reel_19,"見えない採用コスト","直近に消えた媒体掲載費の総額で、御社だけの強固な採用専用ページが十分お釣りが来て作れます"
"掲載費・広告費の無駄",58,331,2026/02/25,S_reel_04,"自社メディアの資産化","求人への高額な課金は他人の畑に肥料を撒く行為であり、自社の土壌に知見は育ちません"
"掲載費・広告費の無駄",58,338,2026/03/04,B_reel_30,"採用資産発想","掛け捨ててきた求人費の総額で、自社の為永続的に働く強固な「独自の専用ページ」が完成します"
"掲載費・広告費の無駄",58,352,2026/03/18,P_reel_19,"見えない採用コスト","直近5年間に消えた掲載費の総額で、御社だけの強固な最強の採用基盤が十分お釣りが来て作れます"
"掲載費・広告費の無駄",58,353,2026/03/19,Q_reel_04,"自社採用基盤の育成","求人への高額な掲載費は家賃と同じで、手元に独自のノウハウ資産が残りません"
"掲載費・広告費の無駄",58,354,2026/03/20,R_reel_19,"見えない採用コストの闇","直近5年間に消えた掲載費の総額で、強固な自社の採用専用ページが余裕で作れます"
"媒体依存からの脱却",50,1,2025/04/01,A_reel_04,"競合に勝てない理由","大手と同じ求人媒体に載せる行為は、スーパーの割引チラシに横並びで載るのと同じです"
"媒体依存からの脱却",50,2,2025/04/02,B_reel_17,"大手に負ける構造","資金のない中小が求人媒体で大手と戦うのは、竹槍で戦車に挑むのと同じ残酷な負け戦です"
"媒体依存からの脱却",50,3,2025/04/03,C_reel_14,"自前でインフラを持て","毎回全てを代行業者に丸投げする会社ほど、人が採れない苦労から永遠に抜け出せません"
"媒体依存からの脱却",50,4,2025/04/04,D_reel_29,"媒体の寿命はたった数週","何十万も払った求人が、たった数週間でネットから跡形もなく消え去ることに虚しさを感じか"
"媒体依存からの脱却",50,22,2025/04/22,V_reel_16,"採用投資の完全な奪還","外部のメディアに依存している限り、人が採れるノウハウは自社に育ちません"
"媒体依存からの脱却",50,30,2025/04/30,F_reel_27,"自社採用基盤","媒体を止めた途端見向きもされない会社には、自力で人を集める強力な基礎インフラが存在しません"
"媒体依存からの脱却",50,40,2025/05/10,P_reel_27,"媒体主導からの早急な脱却","媒体掲載には、契約を更新しなければ情報が消え去る圧倒的恐怖の罠が潜んでいます"
"媒体依存からの脱却",50,50,2025/05/20,B_reel_27,"検索されない採用情報","求人サイトの掲載期間が終わると、大事な採用情報はネットから跡形もなく消えます"
"媒体依存からの脱却",50,53,2025/05/23,E_reel_08,"比較される不利","たくさんの中小が並ぶ求人媒体は、大企業が初めから大勝する冷酷な比較の舞台です"
"媒体依存からの脱却",50,65,2025/06/04,Q_reel_02,"比較サイトの泥沼","求人媒体で上位表示させても、結局一番給料が高い他社に人材を吸い取られます"
"媒体依存からの脱却",50,76,2025/06/15,D_reel_25,"自社独自の採用基盤","採用のたびに外部業者を探し、一から自社の魅力を説明してお金を払う手間に疲弊していか"
"媒体依存からの脱却",50,83,2025/06/22,K_reel_13,"主導権を取り戻せ","求人を外部に依存しすぎている会社は、一方的な値上げやルール変更に屈服するしかありません"
"媒体依存からの脱却",50,116,2025/07/25,T_reel_16,"採用投資の脱却","外部のメディアに依存する限り、人が採れる最強のノウハウは自社の手元に育ちません"
"媒体依存からの脱却",50,117,2025/07/26,U_reel_01,"求人媒体の落とし穴","媒体に払えば人が来る甘い幻想は捨てて下さい。媒体は魅力を代わりには語りません"
"媒体依存からの脱却",50,128,2025/08/06,H_reel_23,"自社採用力の欠如","外部プラットフォームに依存したままでは、何年経っても自社内に独自の採用力は育ちません"
"媒体依存からの脱却",50,129,2025/08/07,I_reel_08,"採用の内製化","採用を毎度業者に丸投げして金を払う会社に、自力で若者を集める採用力は一生育ちません"
"媒体依存からの脱却",50,130,2025/08/08,J_reel_23,"採用経路の不明確さ","応募の経由媒体を正確に把握していないのは、採用戦略が丸裸で破綻している異常状態です"
"媒体依存からの脱却",50,131,2025/08/09,K_reel_14,"空洞化する自社採用力","採用を丸投げしていると、自社で人が採れる独自の最強ノウハウは空洞化し一生死に絶えたままです"
"媒体依存からの脱却",50,151,2025/08/29,G_reel_07,"他社依存からの脱却","集客を他社のプラットフォームに完全依存している状態では、強い不屈の組織は作れません"
"媒体依存からの脱却",50,155,2025/09/02,K_reel_09,"大手の土俵で戦うな","大企業がひしめく同じ条件比較の求人媒体の中で戦っても、中小企業に勝ち目はありません"
"媒体依存からの脱却",50,170,2025/09/17,B_reel_23,"採用費が消える仕組み","長年求人媒体にお金を払い続けても、自力で人を集める「独自の採用力」は育ちません"
"媒体依存からの脱却",50,172,2025/09/19,D_reel_23,"採用全体像を可視化しろ","年間でどの媒体が一番費用対効果が高かったか、データで即答できる経営者はごく僅かです"
"媒体依存からの脱却",50,175,2025/09/22,G_reel_04,"採用コストの真実","年間数百万の求人費を媒体に流し込んでも、掲載期間が過ぎれば手元には何も残りません"
"媒体依存からの脱却",50,182,2025/09/29,N_reel_27,"媒体主導からの脱却","媒体には、契約を更新しなければ高い金を払った自社の情報が消え去る残酷な罠が潜んでいます"
"媒体依存からの脱却",50,192,2025/10/09,X_reel_20,"採用コストの真の浪費","人が辞める度に求人媒体へ駆け込むのは、穴の空いたバケツに高い水を買い続けて注ぐのと同じです"
"媒体依存からの脱却",50,198,2025/10/15,F_reel_28,"コストの見える化","去年の媒体費用と採用単価を正確なデータですぐ答えられる中小経営者は稀で、大変危険です"
"媒体依存からの脱却",50,210,2025/10/27,R_reel_16,"採用投資の脱却","外部の求人媒体に依存する限り、自社で「人が採れるノウハウ」は育ちません"
"媒体依存からの脱却",50,216,2025/11/02,X_reel_17,"自社サイトの絶対優位性","求人媒体という他人の土俵で戦い続ける限り、理念やリアルに共感した人材は獲得できません"
"媒体依存からの脱却",50,221,2025/11/07,E_reel_10,"情報が消滅する恐怖","手軽に思える媒体掲載は、高額な契約をやめた瞬間に自社求人がネットから消え去る構造です"
"媒体依存からの脱却",50,222,2025/11/08,F_reel_24,"媒体主導からの脱却","媒体掲載の裏には、契約更新しないと募集が消え去る業者の生殺与奪の権の罠があります"
"媒体依存からの脱却",50,223,2025/11/09,G_reel_08,"大手の土俵で戦うな","大手と同じ求人媒体の数字比較で勝負するのは、資金がない中小が無謀にも特攻する敗戦です"
"媒体依存からの脱却",50,250,2025/12/06,J_reel_27,"脱・他社依存の恐怖","自社の採用を他社に完全委託するのは、国の防衛を知らない他人に丸投げするのと同じで危険です"
"媒体依存からの脱却",50,254,2025/12/10,N_reel_16,"採用投資の自立","求人媒体に依存する限り、自社で人が必ず採れる最強のノウハウは一生育ちません"
"媒体依存からの脱却",50,261,2025/12/17,U_reel_14,"採用業務の外部依存の恐怖","業者に採用を丸投げしている会社は、金を払えなくなった瞬間に採用活動が死滅します"
"媒体依存からの脱却",50,269,2025/12/25,E_reel_14,"採用ノウハウの空洞","採用を代行業者に丸投げする会社に、自力で優秀な人間を集めるノウハウは永遠に蓄積されません"
"媒体依存からの脱却",50,282,2026/01/07,R_reel_27,"媒体主導からの早急な脱却","媒体には、契約を更新しなければ採用情報が全て消え去る恐怖の罠が潜んでいます"
"媒体依存からの脱却",50,286,2026/01/11,V_reel_27,"媒体主導からの早急な完全脱却","媒体掲載の裏には、契約更新しなければ採用情報が全て消え去る残酷で地獄の罠が潜んでいます"
"媒体依存からの脱却",50,292,2026/01/17,D_reel_16,"自社のドメインを持て","媒体への依存は、いつ消えるか分からない他人の土地に多額を払って家を建てる高いリスクです"
"媒体依存からの脱却",50,294,2026/01/19,F_reel_21,"広告の使い捨て","何百万円も媒体に支払い、あの多額の血税は一体何の採用のためだったのかと後悔しか"
"媒体依存からの脱却",50,297,2026/01/22,I_reel_15,"脱媒体依存の構造","媒体から一方的なルール変更が来る時点で、採用の生殺与奪の権は既に業者に奪われています"
"媒体依存からの脱却",50,304,2026/01/29,P_reel_16,"採用投資の自立と奪還","外部の求人に依存する限り、自社で必ず人が採れる独自の最強の知見や実践ノウハウは育ちません"
"媒体依存からの脱却",50,312,2026/02/06,X_reel_28,"外部依存の採用力の思考停止","採用が外部丸投げの会社は、業者への金が尽きた瞬間に採用活動が停止し悲惨な終焉を迎えます"
"媒体依存からの脱却",50,314,2026/02/08,B_reel_25,"社長の想いが届かない","社長の熱い想いや決意も、媒体の文字制限の前ではただの無難な定型文に成り下がります"
"媒体依存からの脱却",50,318,2026/02/12,F_reel_16,"投資になる採用","毎月消える媒体費を自社ページに回せば、365日御社を熱的に紹介し続けます"
"媒体依存からの脱却",50,320,2026/02/14,H_reel_29,"自社の採用指標","求人媒体を複数併用すると、1人採用するのにいくらかかったかの正確なデータ計測が不可能です"
"媒体依存からの脱却",50,324,2026/02/18,L_reel_29,"脱・代行依存の真の自立","業者に丸投げしている会社に、自力で完璧で優秀な人間を集めるノウハウなど一生蓄積されません"
"媒体依存からの脱却",50,329,2026/02/23,Q_reel_10,"採用業務の外部依存の恐怖","採用を外部に丸投げしていると、お金を払えなくなった瞬間に採用活動が死滅します"
"媒体依存からの脱却",50,340,2026/03/06,D_reel_27,"脱・他社依存の採用活動","採用の命綱を媒体に預けるのは、自社の財布と首根っこを一方的に握られるのと同じ罠です"
"媒体依存からの脱却",50,350,2026/03/16,N_reel_30,"検索からの確実な狩猟","比較媒体より、自発的に社名で名指し検索してくる状況こそが自社の採用における最終勝利です"
"媒体依存からの脱却",50,356,2026/03/22,T_reel_27,"媒体主導からの早急な完全脱却","媒体掲載には、契約を更新しなければ採用情報が全て消え去る残酷な恐怖の地獄の罠が潜んでいます"
"電話応募の壁",49,8,2025/04/08,H_reel_20,"仲間の素顔を見せる","先輩の顔や疲れた表情が見えない会社に、若者は強烈で本能的な恐怖と不信感を覚えます"
"電話応募の壁",49,13,2025/04/13,M_reel_06,"電話窓口の恐怖","「まずはお電話を」を見た瞬間に、有望な若手求職者がプレッシャーで画面を閉じ去っています"
"電話応募の壁",49,33,2025/05/03,I_reel_03,"応募窓口の現代化","求人で「お電話ください」を見た瞬間、有望な若手は極度な恐怖を感じてすぐ画面を閉じます"
"電話応募の壁",49,42,2025/05/12,R_reel_21,"電話応募の分厚い壁","「まずはお電話を」を見た瞬間、有望な20代の若手は画面を閉じ自社に戻りません"
"電話応募の壁",49,46,2025/05/16,V_reel_21,"電話応募の分厚い壁","「まずはお電話を」を見た瞬間、有望な若手はプレッシャーで画面を閉じ自社には戻りません"
"電話応募の壁",49,59,2025/05/29,K_reel_08,"素顔武器","直接の先輩の顔や表情が非公開の会社への応募は、若者にとって最大の恐怖とリスクです"
"電話応募の壁",49,63,2025/06/02,O_reel_09,"情報不足の致命傷の放置","給与等の条件が良くても、実態の開示が少ない不気味な会社の応募を賢い求職者は押しません"
"電話応募の壁",49,79,2025/06/18,G_reel_10,"情報不足の恐怖","条件が悪くないのに人が来ない最大の理由は、会社の内部が見えない強烈な情報不足です"
"電話応募の壁",49,85,2025/06/24,M_reel_09,"情報不足の致命傷","待遇条件が良くても、実態の開示が少ない不透明な会社の応募ボタンを誰も押しません"
"電話応募の壁",49,88,2025/06/27,P_reel_21,"電話応募の分厚い壁","お気軽にお電話をと見た瞬間、有望な若手はプレッシャーで画面を閉じ自社には戻りません"
"電話応募の壁",49,92,2025/07/01,T_reel_30,"検索の確実な狩猟の一本釣りの極意","自発的に社名で検索し、熱意を持って名指しで応募してくる状態こそが、採用の究極の理想形です"
"電話応募の壁",49,95,2025/07/04,W_reel_14,"量産型求人の限界点","他社をマネた無難で綺麗な求人は、誰の心にも響かずスマホ上で1秒で残酷にスルーされるだけです"
"電話応募の壁",49,98,2025/07/07,B_reel_21,"現場が見えない恐怖","現場の実態を伝えずに面接するのは、未経験者に目隠しで綱渡りをさせるのと同じ恐怖です"
"電話応募の壁",49,100,2025/07/09,D_reel_20,"若手の不安を先回り","社内の空気が見えない求人は、未経験者にとって真っ暗闇のトンネルへ飛び込むのと同じ恐怖です"
"電話応募の壁",49,102,2025/07/11,F_reel_19,"電話窓口の恐怖","「お電話ください」を見た瞬間、いまの若者は何を話せばいいか分からない恐怖で画面を閉じます"
"電話応募の壁",49,103,2025/07/12,G_reel_02,"電話応募の絶望","「お電話を」を見た瞬間に、今の若手は知らない大人への通話に強い恐怖を感じ逃げます"
"電話応募の壁",49,122,2025/07/31,B_reel_28,"人間関係への不安","残業や給与は悪くないのに、なぜ一向に応募が来ないのかと原因もわからず頭を抱えていか"
"電話応募の壁",49,142,2025/08/20,V_reel_30,"検索の確実な狩猟の一本釣りの極意","自発的に社名で検索し、熱意を持って名指しで応募してくる状態こそが採用の究極の理想形です"
"電話応募の壁",49,143,2025/08/21,W_reel_06,"電話窓口の恐怖の絶壁","「まずはお電話を」を見た瞬間、有望な若手は恐怖を感じスマホの画面を閉じ去っています"
"電話応募の壁",49,147,2025/08/25,C_reel_05,"スマホで完結させろ","窓口が「電話のみ」理由だけで、熱意ある優秀な若手を毎月取り逃がしていか"
"電話応募の壁",49,153,2025/08/31,I_reel_09,"情報不足の致命傷","条件が良くても、実態の開示が少ない不透明なブラック企業の応募ボタンを若者は押しません"
"電話応募の壁",49,169,2025/09/16,A_reel_07,"電話恐怖世代","「電話で応募」窓口は、今のスマホ世代にとって飛び込み営業レベルの恐怖です"
"電話応募の壁",49,184,2025/10/01,P_reel_30,"検索からの確実な狩猟","自発的に名指し検索し、熱意を持って応募してくる状態こそが自社の採用における究極の理想形です"
"電話応募の壁",49,195,2025/10/12,C_reel_07,"仲間の顔を先に","スタッフの実態が見えない求人への応募は、中身不明の福袋を全財産で買うのと同じ恐怖です"
"電話応募の壁",49,197,2025/10/14,E_reel_06,"仲間の顔が見えない","現場の先輩が見えない会社への入社は、の未経験の若者にとって計り知れない恐怖です"
"電話応募の壁",49,202,2025/10/19,J_reel_21,"応募への迷路","開いたのに応募ボタンが小難しくて見つからないサイトは、採用で致命的でお話になりません"
"電話応募の壁",49,206,2025/10/23,N_reel_21,"電話応募の限界","「お電話を」を見た瞬間、有望な若手求職者はプレッシャーで画面を閉じ自社には戻りません"
"電話応募の壁",49,228,2025/11/14,L_reel_28,"情報不足が招く強烈な不信","応募がない最大の原因は、実態が何も見えない圧倒的で不気味な強い情報不足への恐怖心です"
"電話応募の壁",49,235,2025/11/21,S_reel_09,"情報不足の致命傷の放置","条件が良くても、実態が見えない不気味な会社の応募ボタンを求職者は押しません"
"電話応募の壁",49,237,2025/11/23,U_reel_02,"応募ハードルの破壊","若手は条件が良くても、問い合わせに電話を求める会社には自分から絶対連絡しません"
"電話応募の壁",49,245,2025/12/01,E_reel_02,"電話応募の壁","20代の若手にとって電話応募の古い窓口は、知らない会社への直営業並みに高い心理的障壁です"
"電話応募の壁",49,248,2025/12/04,H_reel_18,"電話応募の限界","電話番号しか応募窓口がない古い求人は、スマホ世代の若者からの完全な門前払いを意味します"
"電話応募の壁",49,252,2025/12/08,L_reel_22,"アナログ募集の限界","履歴書郵送や電話連絡を強要する面倒な古い会社は、優秀な若手から時代遅れとして見捨てられます"
"電話応募の壁",49,255,2025/12/11,O_reel_06,"電話窓口の圧倒的恐怖","古い電話窓口からは、今も有望な若手が極度の恐怖を感じて画面を即閉じ去っています"
"電話応募の壁",49,257,2025/12/13,Q_reel_06,"電話受付の即死トラップ","「まずはお電話を」の一文が、有望な若手求職者を高い確率で即死させています"
"電話応募の壁",49,259,2025/12/15,S_reel_14,"無難な量産型求人の完全な限界","他社をマネた無難な求人は、誰の心にも響かずスマホ上で1秒で残酷にスルーされるだけです"
"電話応募の壁",49,260,2025/12/16,T_reel_21,"電話応募の分厚い壁","「お電話を」を見た瞬間、有望な若手はプレッシャーで画面を閉じ自社には戻りません"
"電話応募の壁",49,264,2025/12/20,X_reel_21,"電話対応の致命的な失注","平日の日中に電話で応募できるのは、現在働いていない暇な人間だけ残酷な事実に気づくべきです"
"電話応募の壁",49,265,2025/12/21,A_reel_11,"若手が去る理由","会社の詳しい情報がない求人は、若手にとって知らない無人島に手ぶらで飛び込むのと同じ恐怖です"
"電話応募の壁",49,271,2025/12/27,G_reel_12,"仲間を見せないリスク","現場の先輩の顔も見えない会社への入社は、若者にとって光がない暗闇へ飛び込むのと同じ恐怖です"
"電話応募の壁",49,283,2026/01/08,S_reel_06,"電話窓口の圧倒的恐怖の壁","「まずはお電話を」を見た瞬間、有望な若手は恐怖を感じ画面を閉じています"
"電話応募の壁",49,287,2026/01/12,W_reel_09,"情報不足の機会損失","条件が良くても、実態が見えない会社の応募ボタンを求職者は押すことはありません"
"電話応募の壁",49,290,2026/01/15,B_reel_20,"若手が来ない理由","若手が給料よりも先にスマホで探すのは、「どんな先輩と働くか」職場の人間のリアルです"
"電話応募の壁",49,299,2026/01/24,K_reel_10,"電話窓口障壁","「お電話を」の窓口は、有望な若手にとって精神的プレッシャーとなり直前で画面を即閉じ去ります"
"電話応募の壁",49,300,2026/01/25,L_reel_16,"スマホファーストの罠","良い文章を書いても見づらいPCサイトは、スマホで見る若者からは読まれず機会を無惨に捨てます"
"電話応募の壁",49,309,2026/02/03,U_reel_12,"検索一本釣りの極意","自発的に社名検索して熱意を持って名指しで応募してくる状態こそが、採用の究極の理想形です"
"電話応募の壁",49,330,2026/02/24,R_reel_30,"検索一本釣りの極意","社名で検索し、熱意を持って名指しで応募してくる状態こそが採用の究極の理想形です"
"電話応募の壁",49,336,2026/03/02,X_reel_29,"検索エンジンからの確実な狩猟","求職者が社名で名指し検索し、熱意を持って応募してくる状態こそが自社採用の究極の理想形です"
"電話応募の壁",49,345,2026/03/11,I_reel_06,"チームの顔が安心材料","事前に先輩の素顔が見えない薄暗い会社に、自分の人生のリスクをとって応募する若者はいません"
"社長・経営者の言葉",43,5,2025/04/05,E_reel_09,"社長のメッセージ","求職者が採用サイトで一番本気で追う箇所は給与ではなく、社長の想いです"
"社長・経営者の言葉",43,11,2025/04/11,K_reel_02,"ありふれた求人の罠","どこの会社も等しく使う使い古しの言葉では、自社の魅力は誰にも伝わりません"
"社長・経営者の言葉",43,14,2025/04/14,N_reel_22,"綺麗な言葉の罠","やる気のある方等の無難な言葉を書くほど、命を預けてくれる覚悟を持った熱い人材は離れます"
"社長・経営者の言葉",43,18,2025/04/18,R_reel_26,"社長の生きた言葉の絶対価値","面接に時間がない社長ほど、熱する言葉を採用サイトの核に据え完全自動化すべきです"
"社長・経営者の言葉",43,41,2025/05/11,Q_reel_12,"社長の生の声の絶対価値","プロの文章でも、社長自身の「不器用で本気の生の声」の熱量には勝てません"
"社長・経営者の言葉",43,43,2025/05/13,S_reel_05,"借り物の綺麗な言葉の罠","プロの長文より、共に現場で汗をかく先輩の不器用な本音の方が若者の心を撃ち抜きます"
"社長・経営者の言葉",43,45,2025/05/15,U_reel_03,"綺麗事の限界","アットホーム等どこにでもある言葉を並べただけの求人で、若者の心を動かすのは不可能です"
"社長・経営者の言葉",43,60,2025/05/30,L_reel_23,"社長の熱量を届ける","業者代行の無難な定型文では、会社に命を懸ける社長の泥臭い本気の熱量は求職者の魂に届きません"
"社長・経営者の言葉",43,68,2025/06/07,T_reel_22,"綺麗な言葉の罠と残酷な沈黙","無難な言葉を書くほど、本当に欲しい覚悟を持った人材は御社を見限ります"
"社長・経営者の言葉",43,78,2025/06/17,F_reel_17,"止まらない採用活動","面接に時間を割けない多忙な社長ほど、その生の言葉をページの入口に据えるべきです"
"社長・経営者の言葉",43,89,2025/06/28,Q_reel_01,"現場の声の破壊力","綺麗な言葉より、職人の苦労等「生の実態」の方が若者の信頼を勝ち取ります"
"社長・経営者の言葉",43,94,2025/07/03,V_reel_22,"綺麗な言葉の罠と残酷な沈黙","「やる気のある方」等の無難な言葉を書くほど、本当に欲しい人材は御社を見限ります"
"社長・経営者の言葉",43,110,2025/07/19,N_reel_26,"社長の生きた言葉","面接に時間を割けない忙しい経営者ほど、社長の言葉を核に据えて24時間発信し続けるべきです"
"社長・経営者の言葉",43,118,2025/07/27,V_reel_26,"社長の生きた言葉の圧倒的絶対価値","時間のない忙しい社長ほど、社長の生きた言葉を採用サイトの核に据え24時間発信するべきです"
"社長・経営者の言葉",43,133,2025/08/11,M_reel_05,"生の言葉の破壊力","無難な文章より、現場で働く先輩の不器用な本音の一言が若者に深く刺さります"
"社長・経営者の言葉",43,135,2025/08/13,O_reel_12,"社長の言葉の真の熱量","経営者が不器用に語る生の熱量は、綺麗に作られた無難な求人票百枚分の恐ろしい破壊力があります"
"社長・経営者の言葉",43,141,2025/08/19,U_reel_10,"社長の生の声の絶対価値","プロの綺麗な文章でも、人生をかけて会社を守る社長の不器用で本気の情熱には勝てません"
"社長・経営者の言葉",43,145,2025/08/23,A_reel_12,"社長の言葉の重さ","「成長できる環境です」等の借り物の綺麗な挨拶文では、社長の熱量は求職者に伝わりません"
"社長・経営者の言葉",43,148,2025/08/26,D_reel_26,"社長の想いが共感を呼ぶ","待遇よりも、この社長の下で人生を預けたい情熱的なビジョンで入社を決断する若者は多いです"
"社長・経営者の言葉",43,149,2025/08/27,E_reel_05,"休まない採用担当","忙しい社長に代わり、採用専用ページは自社の本気の魅力を求職者へ熱く語り続けます"
"社長・経営者の言葉",43,160,2025/09/07,P_reel_26,"社長の生きた言葉","面接に時間を割けない忙しい社長ほど、熱する本音の言葉をサイトの確固たる核に据えるべきです"
"社長・経営者の言葉",43,171,2025/09/18,C_reel_02,"社長の熱量を届けろ","アットホーム等誰でも書ける無難な言葉ほど、熱意ある優秀な若者の心を冷えさせます"
"社長・経営者の言葉",43,176,2025/09/23,H_reel_25,"社長の熱を伝える","代行が書いた無難な文で、この会社に自分の命を預けたいと深く心を打たれる求職者は誰もいません"
"社長・経営者の言葉",43,177,2025/09/24,I_reel_11,"社長の言葉の熱量","不器用に語る一声には、業者が作った無難な求人票100枚を超える果てしない破壊力があります"
"社長・経営者の言葉",43,208,2025/10/25,P_reel_22,"綺麗な言葉の沈黙","やる気のある方等の軽い言葉を書くほど、本当に欲しい熱い人材の心は白けて離れていきます"
"社長・経営者の言葉",43,215,2025/11/01,W_reel_05,"借り物の言葉の罠と死","プロの長文より、現場で共に汗をかく先輩の不器用な本音の一言が若者の心を一番熱く撃ち抜きます"
"社長・経営者の言葉",43,218,2025/11/04,B_reel_26,"職人の言葉の力","「うちはいい会社だ」社長より、現場の若手のキツい本音の方が彼らに深く刺さります"
"社長・経営者の言葉",43,231,2025/11/17,O_reel_05,"借り物の言葉の罠","本音のない綺麗な文章より、現場で働く先輩の不器用な本音の一言が若者の心を熱く撃ち抜きます"
"社長・経営者の言葉",43,239,2025/11/25,W_reel_12,"社長の言葉の真の破壊力","社長が語る真の生の熱量には、綺麗に整えられた求人票百枚分の深い破壊力があります"
"社長・経営者の言葉",43,246,2025/12/02,F_reel_23,"綺麗な言葉の罠","無難で誰もが使う綺麗な言葉を書くほど、御社が本当に欲しい人間はページを即閉じて離れます"
"社長・経営者の言葉",43,273,2025/12/29,I_reel_14,"現場の泥臭さを出せ","建設業で綺麗な言葉だけでは、命を預け合い働く不器用な人間たちのリアルの実像は届きません"
"社長・経営者の言葉",43,274,2025/12/30,J_reel_22,"生の言葉の破壊力","無難な会社案内より、現場で働く先輩の不器用な本音の一言が若者の心に深く突き刺さります"
"社長・経営者の言葉",43,289,2026/01/14,A_reel_15,"働き方の見せ方","残業なし等甘い言葉を信じて、キツい建設業へと入ってくる覚悟ある若者はいません"
"社長・経営者の言葉",43,291,2026/01/16,C_reel_11,"自社の言葉で勝つ","決まり文句が並ぶ求人の枠内は、自社の個性を消し去る量産型ロボットの単なる展示場です"
"社長・経営者の言葉",43,301,2026/01/26,M_reel_12,"社長の言葉の熱量","力強く不器用に語る本音の生の熱量は、綺麗に整理された求人票百枚分の破壊力があります"
"社長・経営者の言葉",43,306,2026/01/31,R_reel_22,"綺麗な言葉の残酷な沈黙","無難な言葉を書くほど、本当に欲しい覚悟を持った人材は御社を見限ります"
"社長・経営者の言葉",43,308,2026/02/02,T_reel_26,"社長の生きた言葉の圧倒的絶対価値","時間のない忙しい社長ほど、社長の生きた言葉を採用サイトの核に据え24時間発信するべきです"
"社長・経営者の言葉",43,319,2026/02/13,G_reel_11,"社長の言葉","代筆の無難な挨拶では、優秀な求職者はその会社への熱い興味をたった1秒で失います"
"社長・経営者の言葉",43,321,2026/02/15,I_reel_07,"採用費の見える化","去年採用にいくらかけて費用対効果がどうだったか、データで即答できる経営者はほんの一握りです"
"社長・経営者の言葉",43,322,2026/02/16,J_reel_26,"社長の唯一無二の熱","綺麗な言葉より、過酷に働く社長の熱きビジョンに共感して入社を決断する若者は非常に多いです"
"社長・経営者の言葉",43,347,2026/03/13,K_reel_07,"採用コストの暗闇","直近1年間の採用単価がいくらかかったかを正確に即答できる経営者は稀です"
"社長・経営者の言葉",43,355,2026/03/21,S_reel_12,"社長の言葉の真の熱量の破壊力","社長の真の生の熱量には、綺麗に整えられた求人票百枚分の深い破壊力があります"
"社長・経営者の言葉",43,360,2026/03/26,X_reel_24,"社長の熱武器","どんな凄腕の採用戦略も、社長自身の人生をかけた泥臭く生の魂の言葉の熱量には勝てません"
"現場写真・リアルな情報",35,7,2025/04/07,G_reel_01,"埋もれる自社の強み","どこも使う決まり文句の求人票では、泥臭くて独自の強みが埋もれます"
"現場写真・リアルな情報",35,36,2025/05/06,L_reel_24,"現場の素顔最強の武器","綺麗な写真より、時に怒号を飛ばして働く職人の不器用な生の素顔の方が若者の心に深く刺さります"
"現場写真・リアルな情報",35,48,2025/05/18,X_reel_26,"現場のネガティブ情報の隠蔽","現場のマイナス情報を事前に隠すことは、入社初日の即退職を自ら確定させる愚かな自殺行為です"
"現場写真・リアルな情報",35,54,2025/05/24,F_reel_29,"情報不足の末路","面接が来ない最大の原因は待遇ではなく、ネット上で実態が見えない独自情報量の圧倒的不足です"
"現場写真・リアルな情報",35,55,2025/05/25,G_reel_09,"現場写真の効果","完成した無機質な写真より、泥で顔を汚し汗だくになった職人の裏側の方が100倍刺さります"
"現場写真・リアルな情報",35,58,2025/05/28,J_reel_20,"職場の真実を出す","熱い若者が見たいのは、綺麗な社屋ではなく泥と汗にまみれ怒号を飛ばす職人のキツい素顔です"
"現場写真・リアルな情報",35,62,2025/06/01,N_reel_20,"先輩の顔を先に出せ","未経験者が知りたいのは給料ではなく、職場の人間関係のドロドロした生きたリアルな実像です"
"現場写真・リアルな情報",35,72,2025/06/11,X_reel_19,"綺麗な写真の残酷な無力さ","完璧な笑顔より、泥だらけで真剣に作業する現場の生の実写の方が優秀な求職者に強く刺さります"
"現場写真・リアルな情報",35,112,2025/07/21,P_reel_25,"泥と汗の絶対な魅力","綺麗な写真より、泥と汗にまみれた職人の働く生の姿の方が強く熱い求職者の魂に深く刺さります"
"現場写真・リアルな情報",35,134,2025/08/12,N_reel_25,"泥と汗の魅力","プロの綺麗な写真より、現場で泥と汗にまみれた職人の姿の方が求職者の魂にまで深く刺さります"
"現場写真・リアルな情報",35,167,2025/09/14,W_reel_11,"現場写真の絶大なる説得力","未経験者が一番見たいのは、綺麗な挨拶文ではなくリアルで現場の職人の汗まみれの姿です"
"現場写真・リアルな情報",35,173,2025/09/20,E_reel_13,"フリー素材の限界","フリー素材の嘘の笑顔を使うほど、御社が持つ不器用な最大の生の魅力は皮肉にも死に絶えます"
"現場写真・リアルな情報",35,185,2025/10/02,Q_reel_05,"若手へのアプローチの誤解","若者は、人生を託す職場の「生の現実」が見えないことに怯えています"
"現場写真・リアルな情報",35,186,2025/10/03,R_reel_20,"先輩の顔の絶対安心感","未経験者が一番初めに知りたいのは給料ではなく、職場の人間関係の生きたリアルです"
"現場写真・リアルな情報",35,187,2025/10/04,S_reel_11,"現場写真の絶大な生の説得力","未経験者が一番見たいのは、綺麗な挨拶文ではなく現場の職人の汗まみれの姿です"
"現場写真・リアルな情報",35,188,2025/10/05,T_reel_20,"先輩の顔を先に出す絶対安心感","未経験者が知りたいのは給料の額面ではなく、職場の人間関係の生きたリアルです"
"現場写真・リアルな情報",35,189,2025/10/06,U_reel_08,"先輩の顔武器","未経験者が初めに知りたいのは給与ではなく、現場の先輩たちが怖くないかの生の実態です"
"現場写真・リアルな情報",35,190,2025/10/07,V_reel_25,"泥と汗の魅力の絶対な強さ","綺麗な写真より、泥や汗まみれで働く職人の生の姿の方が優秀な求職者にドスッと刺さります"
"現場写真・リアルな情報",35,196,2025/10/13,D_reel_22,"現場の生の声を載せろ","業者の綺麗なコピーには、リアルな現場で働く職人たちも冷めて白けきっています"
"現場写真・リアルな情報",35,200,2025/10/17,H_reel_28,"現場の情熱こそ武器","泥と汗にまみれ怒号を飛ばす職人の姿にこそ、若い求職者は本能的な安心感を持って惹かれます"
"現場写真・リアルな情報",35,205,2025/10/22,M_reel_11,"現場写真の絶大な力","未経験者が本当に見たいのは綺麗な挨拶文ではなく、力強い現場の生写真です"
"現場写真・リアルな情報",35,207,2025/10/24,O_reel_11,"現場写真の絶大な説得力","若手が見たいのは綺麗な挨拶ではなく、職人の汗まみれの生きた姿とリアルな現場の写真です"
"現場写真・リアルな情報",35,209,2025/10/26,Q_reel_11,"現場写真の絶対な信頼感","求職者が見たいのは綺麗な挨拶より、泥と汗にまみれた職人の不器用な生の笑顔です"
"現場写真・リアルな情報",35,234,2025/11/20,R_reel_25,"泥と汗の絶対な強さ","綺麗な写真より、泥と汗にまみれた職人の働く生の姿の方が求職者に刺さります"
"現場写真・リアルな情報",35,256,2025/12/12,P_reel_20,"先輩の顔を先に出す","未経験者が知りたいのは給料や休日ではなく、職場の人間関係のドロドロした生きたリアルです"
"現場写真・リアルな情報",35,267,2025/12/23,C_reel_15,"現場写真が武器","真新しいオフィスの写真より、汚れたヘルメットで真剣に働く職人の素顔こそ最強の安心です"
"現場写真・リアルな情報",35,270,2025/12/26,F_reel_30,"泥と汗の魅力","無難な笑顔の写真より、泥と汗にまみれ真剣に働く職人の姿の方が若者の心に深く突き刺さります"
"現場写真・リアルな情報",35,275,2025/12/31,K_reel_01,"現場写真の絶大な力","キツい実態を知らない未経験者が一番見たいのは、汗と泥にまみれた現場の生写真です"
"現場写真・リアルな情報",35,288,2026/01/13,X_reel_18,"面接官の力量への過信","面接が上手くても、採用ページの実態情報がスカスカであれば警戒心の強い若手は面接に来ません"
"現場写真・リアルな情報",35,296,2026/01/21,H_reel_16,"情報量の強い差","現場の情報が少ない薄っぺらな会社は、検討土俵に上がれず面接前にサイレントお祈りされます"
"現場写真・リアルな情報",35,325,2026/02/19,M_reel_01,"休眠層への執念","若者は本当にやりたい仕事には人生のリスクを取ってでも強烈に動きます"
"現場写真・リアルな情報",35,328,2026/02/22,P_reel_28,"情報量の強い差","生の情報量が他社より薄いだけで信用できないと見なされ、検討の土俵から1秒でお祈りされます"
"現場写真・リアルな情報",35,332,2026/02/26,T_reel_25,"泥と汗の魅力の絶対な強さ","綺麗な写真より、泥や汗まみれで働く職人の生の姿の方が優秀な求職者に刺さります"
"現場写真・リアルな情報",35,334,2026/02/28,V_reel_20,"先輩の顔を先に出す絶対安心感","未経験者が一番知りたいのは給料の額面ではなく、職場の人間関係の生きたリアルです"
"現場写真・リアルな情報",35,357,2026/03/23,U_reel_13,"現場写真の絶大な生の説得力","未経験者が一番見たいのは綺麗な文章ではなく、現場の職人の汗まみれの生きた姿です"
"受け皿なき集客",34,19,2025/04/19,S_reel_08,"受け皿なき広告の完全な死路","SNS集客等のアクセルを踏む前に、無敵の情報をもつ完璧な受け皿を最優先で構築すべきです"
"受け皿なき集客",34,25,2025/04/25,A_reel_09,"SNS集客の落とし穴","SNSでフォロワーが増える承認欲求の数字と、実際の採用成功数は比例しません"
"受け皿なき集客",34,29,2025/04/29,E_reel_07,"集客と受け皿","SNS集客でアクセスを集めても、情報を語る受け皿がなければ穴の空いたザルと同じです"
"受け皿なき集客",34,31,2025/05/01,G_reel_06,"受け皿なき集客","集客だけに莫大な力を入れても、最終着地点の独自の受け皿が穴の空いたザルなら徒労です"
"受け皿なき集客",34,56,2025/05/26,H_reel_21,"認知から応募へ","SNSで何万人にバズっても、面接の応募に繋がる窓口がなければ数時間後には忘れ去られます"
"受け皿なき集客",34,87,2025/06/26,O_reel_01,"SNS運用の着地点","Instagramのフォロワー増と、実際の採用の決断は次元が違う話であり比例しません"
"受け皿なき集客",34,97,2025/07/06,A_reel_05,"応募が来ない真相","SNSの動画が何万回再生されても、面接の予定表が真っ白なまま残酷な現実が起きます"
"受け皿なき集客",34,99,2025/07/08,C_reel_10,"認知を応募に変える","SNSの再生数は高いのに面接が一向に進まず、「結局SNSは無駄だ」と諦めていか"
"受け皿なき集客",34,101,2025/07/10,E_reel_01,"受け皿なき集客","動画でバズって認知を無駄に広げても、肝心な面接への応募がゼロなら採用としては完全な失敗です"
"受け皿なき集客",34,106,2025/07/15,J_reel_18,"バズへの期待と現実","動画が何万回再生されても、情報の受け皿が貧弱なら一瞬の思い出として全て無駄に終わります"
"受け皿なき集客",34,111,2025/07/20,O_reel_08,"受け皿なき広告の死路","SNS集客のアクセルを踏む前に、まずは自社の生の情報を持つ完璧な受け皿を構築すべきです"
"受け皿なき集客",34,113,2025/07/22,Q_reel_08,"受け皿なきSNSの自己満足","SNSで何万回再生されても、情報の受け皿がザルなら応募は残りません"
"受け皿なき集客",34,124,2025/08/02,D_reel_24,"受け皿のない集客は無駄","どんなに予算をかけたSNS集客も、情報の受け皿がスカスカなら必ず終わります"
"受け皿なき集客",34,136,2025/08/14,P_reel_23,"バズへの幻想","動画がバズったと喜んでいるのに、本気の面接応募がゼロで愕然と虚無になっていか"
"受け皿なき集客",34,138,2025/08/16,R_reel_23,"バズへの絶望の落とし穴","動画が万単位で再生されバズったのに、実際の応募がゼロで無力感に悩んでいか"
"受け皿なき集客",34,139,2025/08/17,S_reel_01,"SNS運用の最終着地点","更新してアクセスを集めても、受け皿のサイトが薄ければザルで水をすくうのと同じです"
"受け皿なき集客",34,150,2025/08/28,F_reel_18,"バズへの幻想","SNSでバズったのに、一番肝心な実際の面接の応募がゼロで大きく愕然としか"
"受け皿なき集客",34,164,2025/09/11,T_reel_23,"バズへの幻想絶望の落とし穴","動画が万単位でバズったのに、実際の応募がゼロで原因不明と虚しく悩んでいか"
"受け皿なき集客",34,178,2025/09/25,J_reel_24,"受け皿なきアクセル","集客のアクセルを踏む前に、着地点となる詳細情報の受け皿を真っ先に作らなければなりません"
"受け皿なき集客",34,181,2025/09/28,M_reel_08,"受け皿なき広告の死","SNS集客のアクセルを踏み込む前に、着地点となる完璧な受け皿を最優先で作るべきです"
"受け皿なき集客",34,194,2025/10/11,B_reel_19,"問い合わせがこない真因","TikTok等でいくら動画がバズっても、それが実際の面接の応募に繋がらず焦っていか"
"受け皿なき集客",34,201,2025/10/18,I_reel_04,"受け皿なき集客の罠","SNS集客のテクニックだけに莫大なお金を注き込んでも、情報の受け皿が空っぽなら全て徒労です"
"受け皿なき集客",34,203,2025/10/20,K_reel_15,"出口なき集客","動画で再生数を稼いでも、最終着地点である情報の受け皿がザルならいくら集客しても徒労です"
"受け皿なき集客",34,225,2025/11/11,I_reel_12,"SNS運用の受け皿","動画が何十万回再生されても、耐えうる会社の完璧で詳細な情報の受け皿がなければ全て徒労です"
"受け皿なき集客",34,227,2025/11/13,K_reel_11,"集客の罠と受け皿","TikTokがバズって何十万回再生されても、実際に会社へ応募して採用できるかは別問題です"
"受け皿なき集客",34,240,2025/11/26,X_reel_25,"バズだけの動画の虚無","動画がバズっても情報の拠点が弱ければ、全員1秒後に他人の動画を見て全てを忘れてしまいます"
"受け皿なき集客",34,247,2025/12/03,G_reel_03,"動画再生の罠","動画がSNSで何万回再生されても、会社の実態を語る確固たる受け皿がなければ無意味です"
"受け皿なき集客",34,268,2025/12/24,D_reel_18,"動画で惹きページで狩る","動画が数万回バズったのに、なぜか肝心な面接の応募が1件も来ず不思議に思っていか"
"受け皿なき集客",34,278,2026/01/03,N_reel_23,"バズへの幻想","ショート動画が何万回再生されバズっても、肝心の本気の面接応募が1件も来ず愕然としていか"
"受け皿なき集客",34,285,2026/01/10,U_reel_06,"受け皿なきバズの悲劇","SNS動画が何十万回再生されても、受け皿の採用ページがペラペラなら応募はゼロです"
"受け皿なき集客",34,310,2026/02/04,V_reel_23,"バズへの幻想絶望の落とし穴","動画が万単位でバズって喜んでいるのに、実際の応募がゼロで原因不明と虚しく悩んでいか"
"受け皿なき集客",34,311,2026/02/05,W_reel_01,"SNSの再生数まやかし","何百万回再生されても、受け皿な自社サイトが弱ければ採用の成果はゼロです"
"受け皿なき集客",34,339,2026/03/05,C_reel_03,"集客より先に器を","集客を増やしても受け皿が古いままでは、穴の空いたバケツに水を注ぐのと同じです"
"受け皿なき集客",34,348,2026/03/14,L_reel_20,"受け皿なきSNSの末路","SNSで認知を広げても、会社の実態を語る受け皿がなければ一瞬の熱として虚しく消えます"
"ミスマッチ・早期離職",28,9,2025/04/09,I_reel_01,"採用ミスマッチの罠","新人の即退職は根性不足ではなく、事前のキツい情報開示の甘さが引き起こした採用の設計ミスです"
"ミスマッチ・早期離職",28,17,2025/04/17,Q_reel_13,"離職事前の設計エラー","新人が辞めるのは根性なしではなく、事前の情報開示不足がまねく完全な設計ミスです"
"ミスマッチ・早期離職",28,23,2025/04/23,W_reel_13,"離職最大級の設計ミス","3ヶ月で若手が辞めるのは根性不足ではなく、事前の情報不足企業側の設計ミスです"
"ミスマッチ・早期離職",28,38,2025/05/08,N_reel_18,"ミスマッチの悲劇","若手の退社が数日で繰り返される最大の原因は忍耐不足ではなくキツい面の情報開示不足です"
"ミスマッチ・早期離職",28,51,2025/05/21,C_reel_09,"離職を事前に防ぐ","残業なし等甘い嘘の言葉で集めた若手ほど、入社後数ヶ月で辞めて去ります"
"ミスマッチ・早期離職",28,52,2025/05/22,D_reel_28,"ミスマッチは事前の責任","若手がすぐ辞める最大の原因は根性不足ではなく、事前の生の実態情報の開示不足です"
"ミスマッチ・早期離職",28,74,2025/06/13,B_reel_22,"辞める理由","良い面を並べただけの嘘の求人は、現場とのギャップから「早期離職」を引き起こす最大の原因です"
"ミスマッチ・早期離職",28,84,2025/06/23,L_reel_17,"過酷さの事前共有","面接で残業なし嘘を並べるのは、入社初日に絶望を叩きつける早期離職へのカウントダウンです"
"ミスマッチ・早期離職",28,90,2025/06/29,R_reel_18,"ミスマッチの完全な防衛線","新人の入退社が繰り返される原因は、忍耐不足ではなくキツい面の情報開示不足です"
"ミスマッチ・早期離職",28,109,2025/07/18,M_reel_13,"離職は事前の設計ミス","入社後3ヶ月での早期離職は、マイナス面も含めた情報開示不足ただの設計ミスです"
"ミスマッチ・早期離職",28,126,2025/08/04,F_reel_25,"期待値のズレ","残業なし等綺麗な言葉を押し出した求人ほど、聞いていた話と違う即離職を引き起こします"
"ミスマッチ・早期離職",28,127,2025/08/05,G_reel_05,"ミスマッチの悲劇","せっかく採用した新人が数日で辞める最大の原因は、事前の生の情報不足の設計ミスです"
"ミスマッチ・早期離職",28,146,2025/08/24,B_reel_18,"採用ページから逃げる理由","やっと会社HPに辿り着いた熱意ある求職者も、スマホで見づらいと判断した瞬間に即離脱します"
"ミスマッチ・早期離職",28,163,2025/09/10,S_reel_13,"離職は事前の甘い設計ミス","3ヶ月で辞めるのは根性不足ではなく、事前の情報不足企業側の設計ミスです"
"ミスマッチ・早期離職",28,179,2025/09/26,K_reel_05,"些細な疑問の放置","待遇が良くても、休憩時間の過ごし方等の生情報が不足していると全員不気味に思い離脱します"
"ミスマッチ・早期離職",28,217,2025/11/03,A_reel_13,"リアルが見えない不安","綺麗に見せようとフリー素材の写真を使った求人ほど、求職者の警戒心が高まり離脱します"
"ミスマッチ・早期離職",28,224,2025/11/10,H_reel_27,"離職ゼロへの仕組み","新人の早期離職は根性不足ではなく、過酷さやマイナス面に関する事前の情報開示不足が原因です"
"ミスマッチ・早期離職",28,232,2025/11/18,P_reel_18,"ミスマッチの悲劇","若手の退社が数日で繰り返される最大の原因は忍耐ではなく、キツい情報開示不足の設計ミスです"
"ミスマッチ・早期離職",28,242,2025/11/28,B_reel_29,"面接前の離脱","情報が詳しい会社でも、「応募ボタン」が見つけにくいだけで求職者は数秒で即離脱します"
"ミスマッチ・早期離職",28,279,2026/01/04,O_reel_13,"離職は事前の甘い設計ミス","早期離職は根性不足ではなく、事前のマイナス面の情報開示の甘さが引き起こす完全な設計ミスです"
"ミスマッチ・早期離職",28,284,2026/01/09,T_reel_18,"ミスマッチの完全な防衛線","新人の入退社が繰り返される原因は、忍耐不足ではなく情報開示の完全な設計ミスです"
"ミスマッチ・早期離職",28,293,2026/01/18,E_reel_15,"綺麗事の代償","残業なし等綺麗すぎる無難な言葉で着飾ったページほど、聞いていた話と違う早期離職を生みます"
"ミスマッチ・早期離職",28,316,2026/02/10,D_reel_21,"応募への導線を短くしろ","応募ボタンが見えにくい古いサイトでは、せっかく熱意ある人材もイライラして即離脱します"
"ミスマッチ・早期離職",28,323,2026/02/17,K_reel_12,"定着ゼロの代償","入社後３ヶ月での早期離職の絶望の損失は、高額な求人費用の無駄だけには収まりません"
"ミスマッチ・早期離職",28,333,2026/02/27,U_reel_05,"ミスマッチの真犯人","入社後3ヶ月で辞められるのを、若者の根性不足が原因だと大きな勘違いをしていか"
"ミスマッチ・早期離職",28,337,2026/03/03,A_reel_08,"ミスマッチ採用の損失","実態を隠して入社した新人がすぐ辞めると、教える先輩の士気まで大きく削られます"
"ミスマッチ・早期離職",28,346,2026/03/12,J_reel_28,"離職は事前の設計ミス","早期離職は単なる根性不足ではなく、マイナス面を含めた事前の情報開示の甘さによる設計ミスです"
"ミスマッチ・早期離職",28,358,2026/03/24,V_reel_18,"ミスマッチの完全な防衛線","新人の入退社が繰り返される原因は、忍耐不足ではなく情報開示の完全な設計ミスです"
"大手との条件競争",20,57,2025/05/27,I_reel_05,"土俵を変える戦い方","大手と同じ求人枠で給与等で横並びになった瞬間、中小の熱意や独自の魅力も霞んで消滅します"
"大手との条件競争",20,82,2025/06/21,J_reel_30,"検索からの確実な狩猟","比較されるより、自ら自社名で名指し検索してくる状況こそが中小企業の採用における最終勝利です"
"大手との条件競争",20,96,2025/07/05,X_reel_22,"条件アピールの自滅","残業の少なさ等をアピールすると、やりがいではなくラクしたい熱意ゼロの人間ばかり集まります"
"大手との条件競争",20,104,2025/07/13,H_reel_30,"検索流入を取り込む","条件検索より、求職者が自ら社名で名指し検索してくる独自の状況こそが採用の理想です"
"大手との条件競争",20,107,2025/07/16,K_reel_04,"経営者の肉声の真価","給与条件より、経営に命を懸ける社長の狂気的な生の熱量が、入社を迷う若者の背中を押します"
"大手との条件競争",20,123,2025/08/01,C_reel_04,"大手とは戦わない","大手と同じ求人枠に載る限り、中小企業は大手の引き立て役として利用され続けます"
"大手との条件競争",20,140,2025/08/18,T_reel_28,"情報量の差が生むサイレントお祈り","事前の情報量が他社より薄いだけで、有望な人材は比較すらしてくれず即サイレントお祈りされます"
"大手との条件競争",20,162,2025/09/09,R_reel_28,"情報差のサイレントお祈り","事前の情報量が他社より薄いだけで、有望な人材は比較すらしてくれず即お祈りされます"
"大手との条件競争",20,168,2025/09/15,X_reel_23,"情報量の差絶対敗北","情報が他社より薄いだけで、どれほど条件が良くても比較検討リストから瞬時に消去されます"
"大手との条件競争",20,174,2025/09/21,F_reel_26,"中小の戦い方","条件が大手に届かないのに数字だけで求人に並ぶのは、竹槍で戦車に突っ込むだけの負け戦です"
"大手との条件競争",20,180,2025/09/27,L_reel_21,"大企業の影から逃れる","知名度で劣る中小が大手と同じ条件比較の土俵に乗るのは、戦車に突っ込むような完全なる玉砕です"
"大手との条件競争",20,191,2025/10/08,W_reel_07,"大手の土俵からの完全撤退","大手と同じ条件だけで勝負を挑むのは、竹槍で戦車に突撃するような勝ち目のない絶望的戦いです"
"大手との条件競争",20,211,2025/10/28,S_reel_07,"大手の土俵からの撤退","大手と同じ条件だけで勝負を挑むのは、竹槍で戦車に突撃するような絶望的戦いです"
"大手との条件競争",20,214,2025/10/31,V_reel_28,"情報量の差が生むサイレントお祈り","事前の情報量が他社よりたった薄いだけで、有望な人材は比較すらしてくれず即お祈りされます"
"大手との条件競争",20,226,2025/11/12,J_reel_17,"条件競争からの脱落","魅力を隠し数字だけで大企業と戦うのは、竹槍で戦車に真っ向から特攻するような完全な玉砕です"
"大手との条件競争",20,233,2025/11/19,Q_reel_07,"数字競争からの撤退","給料などの数字で勝負を挑むのは、資金力のない中小にとって自殺行為です"
"大手との条件競争",20,244,2025/11/30,D_reel_30,"検索指名される会社へ","横並びの条件検索より、求職者が自社名を名指し検索してくる独自の状態が最終の理想です"
"大手との条件競争",20,277,2026/01/02,M_reel_07,"大手の土俵からの撤退","大手と同じ枠で数字だけで勝負するのは、竹槍で戦車に突撃する全滅の戦いです"
"大手との条件競争",20,313,2026/02/07,A_reel_06,"求人票の限界","条件を良く書き換えても、職場の空気が伝わらなければ若者は面接に来ません"
"大手との条件競争",20,327,2026/02/21,O_reel_07,"大手の土俵からの撤退戦","大手と同じ給与の数字で勝負を挑むのは、竹槍で巨大戦車に突撃するような勝ち目のない玉砕です"
"その他",20,15,2025/04/15,O_reel_14,"無難な量産型求人の限界","担当者が他社をマネて書いた無難で綺麗な内容の求人は、誰の心にも響かずにスルーされるだけです"
"その他",20,24,2025/04/24,X_reel_27,"テンプレ採用の完全な終焉","他社をコピペした無難な採用ページでは個性が死に絶え、有望な求職者の心には響きません"
"その他",20,27,2025/04/27,C_reel_01,"掲載頼みは危険","掲載期間終了で人が来なくなる借り物の採用力では、会社の数年先の未来は守れません"
"その他",20,61,2025/05/31,M_reel_14,"無難な求人の限界","思考を止めて他社をマネた無難な求人は、誰の心にも残らず1秒で残酷にスルーされ消え去ります"
"その他",20,71,2025/06/10,W_reel_02,"妥協採用の組織崩壊","人が来ないからと面接を妥協し、頭数だけ揃えるのは確実な組織崩壊への最短最悪ルートです"
"その他",20,73,2025/06/12,A_reel_02,"人手不足の現実","真面目で堅実な会社ほど魅力の伝え方が分からず、採用戦線で苦戦しがちです"
"その他",20,91,2025/06/30,S_reel_03,"面接前の絶対な情報戦","面接前に採用サイトを隅々まで読み込んでいない求職者なら、その時点で採用は失敗です"
"その他",20,115,2025/07/24,S_reel_02,"採用基準の妥協の崩壊","採用を妥協し、頭数だけ揃えるのは確実な組織崩壊への最短で最悪なルートです"
"その他",20,120,2025/07/29,X_reel_16,"無料相談への執着","求職者にいきなり無料相談を迫るのは、知らない人に道端で突然プロポーズをするのと同じです"
"その他",20,121,2025/07/30,A_reel_14,"人材紹介の裏側","年収の30％も抜かれる高額な人材紹介会社の請求書に、大きなため息をついて疲弊していか"
"その他",20,125,2025/08/03,E_reel_04,"テンプレ求人","誰もが書ける無難で綺麗な求人を用意するほど、欲しい熱意と覚悟を持った若手は離れます"
"その他",20,137,2025/08/15,Q_reel_03,"面接は最終確認の場","優秀な若手に対し面接は、情報をもとに自分の覚悟を最終確認する儀式です"
"その他",20,154,2025/09/01,J_reel_29,"短命な求人情報","高額な自信作の求人も数週間後にはネットから完全消滅し、誰の目にも触れなくなる悪夢があります"
"その他",20,157,2025/09/04,M_reel_02,"採用基準の崩壊","人が来ないからと採用のハードルを下げて頭数だけ揃えるのは、組織崩壊への第一歩です"
"その他",20,204,2025/10/21,L_reel_30,"無難な求人の存在意義のなさ","コピペで書かれた無難な綺麗事の求人は、誰の記憶にも残らずに残酷にスルーされ秒で消え去ります"
"その他",20,249,2025/12/05,I_reel_13,"無難な求人の限界","代行が他社の真似をした当たり障りのない求人は、誰の記憶にも残らず1秒で残酷に消え去ります"
"その他",20,281,2026/01/06,Q_reel_14,"無難な求人の終焉","他社をマネした無難な求人は、誰の心にも響かずに無視されるだけです"
"その他",20,303,2026/01/28,O_reel_03,"面接前の情報戦","求職者が面接前に採用サイトを隅々まで読み込んでいないなら、その時点で採用活動は全て失敗です"
"その他",20,344,2026/03/10,H_reel_26,"綺麗な求人の罠","業者代行の定型文求人はどれも同じ無難な会社に見え、熱意ある優秀な若者を瞬時に退屈させます"
"その他",20,351,2026/03/17,O_reel_02,"採用基準の妥協","人が来ないからと最初のハードルを下げ、頭数だけ揃えるのは組織崩壊の最悪の最短ルートです"
"自社採用基盤・資産化",12,12,2025/04/12,L_reel_26,"自社所有の最大の強み","解約で大事な情報が消えるのは、他社システムに自社の採用の命綱を握られている恐ろしい構造です"
"自社採用基盤・資産化",12,37,2025/05/07,M_reel_10,"採用の内製化","失敗もノウハウとして自社の財産に蓄積される最強インフラ構築こそが、最重要課題です"
"自社採用基盤・資産化",12,39,2025/05/09,O_reel_10,"採用の内製化への転換","採用の知見が社内に財産として蓄積されるインフラ構築こそが、資金力のない中小の最重要課題です"
"自社採用基盤・資産化",12,165,2025/09/12,U_reel_11,"面接前の絶対な情報開示","求職者が面接の前に自社の採用サイトを読み込んでいないなら、最初の時点で既に負け戦です"
"自社採用基盤・資産化",12,276,2026/01/01,L_reel_18,"独自の強みの欠落","成長できる環境等誰にでも当てはまる定型文は、自社の圧倒的で強みを自ら殺すただの愚行です"
"自社採用基盤・資産化",12,295,2026/01/20,G_reel_15,"自社ドメインの資産","解約した途端に消える求人ページは、会社を守る強固な資産ではなく脆い他人の借り物の箱です"
"自社採用基盤・資産化",12,298,2026/01/23,J_reel_25,"ノウハウの内製化","失敗も自社の財産に蓄積される構築こそが、資金力を持たない中小の最大の採用課題です"
"自社採用基盤・資産化",12,307,2026/02/01,S_reel_10,"採用の内製化への転換と自立","採用の知見が蓄積される自社独自のインフラ構築が、資金力のない中小の最重要課題です"
"自社採用基盤・資産化",12,335,2026/03/01,W_reel_10,"採用の内製化と真の自立","成功の知見が蓄積される独自のインフラ構築こそが、資金力のない中小企業の最重要急務です"
"自社採用基盤・資産化",12,343,2026/03/09,G_reel_14,"採用知識の内製化","採用プロセスを外注し続ける会社に、自力で優秀な人間を集めるノウハウなど一生蓄積されません"
"自社採用基盤・資産化",12,349,2026/03/15,M_reel_03,"面接前の勝負","求職者が面接の前に自社の採用サイトを隅々まで読み込んでいないなら採用は失敗です"
"自社採用基盤・資産化",12,359,2026/03/25,W_reel_03,"面接は情報戦の答え合わせ","求職者が面接前に、自社の採用サイトを隅々まで読み込んでいないならその時点で採用は失敗です"
"情報不足・信頼の問題",8,21,2025/04/21,U_reel_09,"情報不足のサイレントお祈り","若者は事前の情報が他社より薄い瞬間、考える間もなくサイレントお祈りして戻りません"
"情報不足・信頼の問題",8,34,2025/05/04,J_reel_16,"情報量の重要性","出している情報が他社より薄っぺらい理由だけで、検討土俵から落とされ面接に呼ばれません"
"情報不足・信頼の問題",8,156,2025/09/03,L_reel_25,"費用対効果のブラックボックス","採用単価が正確に答えられないのは、会社の命運を握る経営として致命傷です"
"情報不足・信頼の問題",8,302,2026/01/27,N_reel_28,"情報量の強い差","ネットの情報が他社より薄いだけで信用できないと見なされ、検討の土俵から1秒でお祈りされます"
"情報不足・信頼の問題",8,305,2026/01/30,Q_reel_09,"情報不足の致命的なお祈り","事前の情報が他社より薄いだけで、考える間もなくサイレントお祈りされます"
"情報不足・信頼の問題",8,315,2026/02/09,C_reel_06,"情報で信頼を作れ","情報が薄い採用ページは、面接前に隠し事がある怪しいブラックと見限られ即閉じられます"
"情報不足・信頼の問題",8,341,2026/03/07,E_reel_11,"薄い情報の代償","詳細な情報が出ない会社は、面接前に何かヤバい裏があるブラックではと猛烈に疑われ忌避されます"
"情報不足・信頼の問題",8,342,2026/03/08,F_reel_22,"先輩の顔を先に出せ","若者が最初に知りたいのは給与よりも、一緒に働く先輩がどんな顔をしているかの警戒と不安です"
"採用コスト見える化",2,238,2025/11/24,V_reel_19,"見えない採用コストの完全な闇","過去数年間で消えた求人コストの総額で、強固な自社の専用ページが余裕で作れるだけの金額です"
"採用コスト見える化",2,243,2025/11/29,C_reel_12,"採用コストを見える化","１年間の採用費の総額すらデータで即答できない、どんぶり勘定の会社が大部分です"
"検索・指名流入",1,108,2025/07/17,L_reel_27,"指名検索勝利","求職者が社名で直接検索してくる独自の状況を作り出すことが、採用の唯一の完全勝利です"