"投稿日","投稿時刻","テーマ番号","テーマ名","ファイル名","キャプションテンプレ"
"2026/03/21","19:00","01","応募前離脱","theme01_reel_01","テーマ1"
"2026/03/22","19:00","02","面接前設計ミス","theme02_reel_01","テーマ2"
"2026/03/23","19:00","03","給料より信頼","theme03_reel_01","テーマ3"
"2026/03/24","19:00","04","採用昭和あるある","theme04_reel_01","テーマ4"
"2026/03/25","19:00","05","採用資産化","theme05_reel_01","テーマ5"
"2026/03/26","19:00","06","現場が見えない","theme06_reel_01","テーマ6"
"2026/03/27","19:00","07","家族ブロック","theme07_reel_01","テーマ7"
"2026/03/28","19:00","08","社長の時間コスト","theme08_reel_01","テーマ8"
"2026/03/29","19:00","09","若手の行動心理","theme09_reel_01","テーマ9"
"2026/03/30","19:00","10","とりあえず応募","theme10_reel_01","テーマ10"
"2026/03/31","19:00","11","採用ページ信頼差","theme11_reel_01","テーマ11"
"2026/04/01","19:00","12","同業他社との差","theme12_reel_01","テーマ12"
"2026/04/02","19:00","13","LINEデジタル窓口","theme13_reel_01","テーマ13"
"2026/04/03","19:00","14","面接転換設計","theme14_reel_01","テーマ14"
"2026/04/04","19:00","15","未経験者採用","theme15_reel_01","テーマ15"
"2026/04/05","19:00","01","応募前離脱","theme01_reel_02","テーマ1"
"2026/04/06","19:00","02","面接前設計ミス","theme02_reel_02","テーマ2"
"2026/04/07","19:00","03","給料より信頼","theme03_reel_02","テーマ3"
"2026/04/08","19:00","04","採用昭和あるある","theme04_reel_02","テーマ4"
"2026/04/09","19:00","05","採用資産化","theme05_reel_02","テーマ5"
"2026/04/10","19:00","06","現場が見えない","theme06_reel_02","テーマ6"
"2026/04/11","19:00","07","家族ブロック","theme07_reel_02","テーマ7"
"2026/04/12","19:00","08","社長の時間コスト","theme08_reel_02","テーマ8"
"2026/04/13","19:00","09","若手の行動心理","theme09_reel_02","テーマ9"
"2026/04/14","19:00","10","とりあえず応募","theme10_reel_02","テーマ10"
"2026/04/15","19:00","11","採用ページ信頼差","theme11_reel_02","テーマ11"
"2026/04/16","19:00","12","同業他社との差","theme12_reel_02","テーマ12"
"2026/04/17","19:00","13","LINEデジタル窓口","theme13_reel_02","テーマ13"
"2026/04/18","19:00","14","面接転換設計","theme14_reel_02","テーマ14"
"2026/04/19","19:00","15","未経験者採用","theme15_reel_02","テーマ15"
"2026/04/20","19:00","01","応募前離脱","theme01_reel_03","テーマ1"
"2026/04/21","19:00","02","面接前設計ミス","theme02_reel_03","テーマ2"
"2026/04/22","19:00","03","給料より信頼","theme03_reel_03","テーマ3"
"2026/04/23","19:00","04","採用昭和あるある","theme04_reel_03","テーマ4"
"2026/04/24","19:00","05","採用資産化","theme05_reel_03","テーマ5"
"2026/04/25","19:00","06","現場が見えない","theme06_reel_03","テーマ6"
"2026/04/26","19:00","07","家族ブロック","theme07_reel_03","テーマ7"
"2026/04/27","19:00","08","社長の時間コスト","theme08_reel_03","テーマ8"
"2026/04/28","19:00","09","若手の行動心理","theme09_reel_03","テーマ9"
"2026/04/29","19:00","10","とりあえず応募","theme10_reel_03","テーマ10"
"2026/04/30","19:00","11","採用ページ信頼差","theme11_reel_03","テーマ11"
"2026/05/01","19:00","12","同業他社との差","theme12_reel_03","テーマ12"
"2026/05/02","19:00","13","LINEデジタル窓口","theme13_reel_03","テーマ13"
"2026/05/03","19:00","14","面接転換設計","theme14_reel_03","テーマ14"
"2026/05/04","19:00","15","未経験者採用","theme15_reel_03","テーマ15"
"2026/05/05","19:00","01","応募前離脱","theme01_reel_04","テーマ1"
"2026/05/06","19:00","02","面接前設計ミス","theme02_reel_04","テーマ2"
"2026/05/07","19:00","03","給料より信頼","theme03_reel_04","テーマ3"
"2026/05/08","19:00","04","採用昭和あるある","theme04_reel_04","テーマ4"
"2026/05/09","19:00","05","採用資産化","theme05_reel_04","テーマ5"
"2026/05/10","19:00","06","現場が見えない","theme06_reel_04","テーマ6"
"2026/05/11","19:00","07","家族ブロック","theme07_reel_04","テーマ7"
"2026/05/12","19:00","08","社長の時間コスト","theme08_reel_04","テーマ8"
"2026/05/13","19:00","09","若手の行動心理","theme09_reel_04","テーマ9"
"2026/05/14","19:00","10","とりあえず応募","theme10_reel_04","テーマ10"
"2026/05/15","19:00","11","採用ページ信頼差","theme11_reel_04","テーマ11"
"2026/05/16","19:00","12","同業他社との差","theme12_reel_04","テーマ12"
"2026/05/17","19:00","13","LINEデジタル窓口","theme13_reel_04","テーマ13"
"2026/05/18","19:00","14","面接転換設計","theme14_reel_04","テーマ14"
"2026/05/19","19:00","15","未経験者採用","theme15_reel_04","テーマ15"
"2026/05/20","19:00","01","応募前離脱","theme01_reel_05","テーマ1"
"2026/05/21","19:00","02","面接前設計ミス","theme02_reel_05","テーマ2"
"2026/05/22","19:00","03","給料より信頼","theme03_reel_05","テーマ3"
"2026/05/23","19:00","04","採用昭和あるある","theme04_reel_05","テーマ4"
"2026/05/24","19:00","05","採用資産化","theme05_reel_05","テーマ5"
"2026/05/25","19:00","06","現場が見えない","theme06_reel_05","テーマ6"
"2026/05/26","19:00","07","家族ブロック","theme07_reel_05","テーマ7"
"2026/05/27","19:00","08","社長の時間コスト","theme08_reel_05","テーマ8"
"2026/05/28","19:00","09","若手の行動心理","theme09_reel_05","テーマ9"
"2026/05/29","19:00","10","とりあえず応募","theme10_reel_05","テーマ10"
"2026/05/30","19:00","11","採用ページ信頼差","theme11_reel_05","テーマ11"
"2026/05/31","19:00","12","同業他社との差","theme12_reel_05","テーマ12"
"2026/06/01","19:00","13","LINEデジタル窓口","theme13_reel_05","テーマ13"
"2026/06/02","19:00","14","面接転換設計","theme14_reel_05","テーマ14"
"2026/06/03","19:00","15","未経験者採用","theme15_reel_05","テーマ15"
"2026/06/04","19:00","01","応募前離脱","theme01_reel_06","テーマ1"
"2026/06/05","19:00","02","面接前設計ミス","theme02_reel_06","テーマ2"
"2026/06/06","19:00","03","給料より信頼","theme03_reel_06","テーマ3"
"2026/06/07","19:00","04","採用昭和あるある","theme04_reel_06","テーマ4"
"2026/06/08","19:00","05","採用資産化","theme05_reel_06","テーマ5"
"2026/06/09","19:00","06","現場が見えない","theme06_reel_06","テーマ6"
"2026/06/10","19:00","07","家族ブロック","theme07_reel_06","テーマ7"
"2026/06/11","19:00","08","社長の時間コスト","theme08_reel_06","テーマ8"
"2026/06/12","19:00","09","若手の行動心理","theme09_reel_06","テーマ9"
"2026/06/13","19:00","10","とりあえず応募","theme10_reel_06","テーマ10"
"2026/06/14","19:00","11","採用ページ信頼差","theme11_reel_06","テーマ11"
"2026/06/15","19:00","12","同業他社との差","theme12_reel_06","テーマ12"
"2026/06/16","19:00","13","LINEデジタル窓口","theme13_reel_06","テーマ13"
"2026/06/17","19:00","14","面接転換設計","theme14_reel_06","テーマ14"
"2026/06/18","19:00","15","未経験者採用","theme15_reel_06","テーマ15"
