投稿日,投稿時刻,テーマ番号,テーマ名,ファイル名,キャプションテンプレ
2026/06/19,19:00,01,応募前離脱,theme01_reel_01,テーマ1
2026/06/20,19:00,02,面接前設計ミス,theme02_reel_01,テーマ2
2026/06/21,19:00,03,給料より信頼,theme03_reel_01,テーマ3
2026/06/22,19:00,04,採用昭和あるある,theme04_reel_01,テーマ4
2026/06/23,19:00,05,採用資産化,theme05_reel_01,テーマ5
2026/06/24,19:00,06,現場が見えない,theme06_reel_01,テーマ6
2026/06/25,19:00,07,家族ブロック,theme07_reel_01,テーマ7
2026/06/26,19:00,08,社長の時間コスト,theme08_reel_01,テーマ8
2026/06/27,19:00,09,若手の行動心理,theme09_reel_01,テーマ9
2026/06/28,19:00,10,とりあえず応募,theme10_reel_01,テーマ10
2026/06/29,19:00,11,採用ページ信頼差,theme11_reel_01,テーマ11
2026/06/30,19:00,12,同業他社との差,theme12_reel_01,テーマ12
2026/07/01,19:00,13,LINEデジタル窓口,theme13_reel_01,テーマ13
2026/07/02,19:00,14,面接転換設計,theme14_reel_01,テーマ14
2026/07/03,19:00,15,未経験者採用,theme15_reel_01,テーマ15
2026/07/04,19:00,01,応募前離脱,theme01_reel_02,テーマ1
2026/07/05,19:00,02,面接前設計ミス,theme02_reel_02,テーマ2
2026/07/06,19:00,03,給料より信頼,theme03_reel_02,テーマ3
2026/07/07,19:00,04,採用昭和あるある,theme04_reel_02,テーマ4
2026/07/08,19:00,05,採用資産化,theme05_reel_02,テーマ5
2026/07/09,19:00,06,現場が見えない,theme06_reel_02,テーマ6
2026/07/10,19:00,07,家族ブロック,theme07_reel_02,テーマ7
2026/07/11,19:00,08,社長の時間コスト,theme08_reel_02,テーマ8
2026/07/12,19:00,09,若手の行動心理,theme09_reel_02,テーマ9
2026/07/13,19:00,10,とりあえず応募,theme10_reel_02,テーマ10
2026/07/14,19:00,11,採用ページ信頼差,theme11_reel_02,テーマ11
2026/07/15,19:00,12,同業他社との差,theme12_reel_02,テーマ12
2026/07/16,19:00,13,LINEデジタル窓口,theme13_reel_02,テーマ13
2026/07/17,19:00,14,面接転換設計,theme14_reel_02,テーマ14
2026/07/18,19:00,15,未経験者採用,theme15_reel_02,テーマ15
2026/07/19,19:00,01,応募前離脱,theme01_reel_03,テーマ1
2026/07/20,19:00,02,面接前設計ミス,theme02_reel_03,テーマ2
2026/07/21,19:00,03,給料より信頼,theme03_reel_03,テーマ3
2026/07/22,19:00,04,採用昭和あるある,theme04_reel_03,テーマ4
2026/07/23,19:00,05,採用資産化,theme05_reel_03,テーマ5
2026/07/24,19:00,06,現場が見えない,theme06_reel_03,テーマ6
2026/07/25,19:00,07,家族ブロック,theme07_reel_03,テーマ7
2026/07/26,19:00,08,社長の時間コスト,theme08_reel_03,テーマ8
2026/07/27,19:00,09,若手の行動心理,theme09_reel_03,テーマ9
2026/07/28,19:00,10,とりあえず応募,theme10_reel_03,テーマ10
2026/07/29,19:00,11,採用ページ信頼差,theme11_reel_03,テーマ11
2026/07/30,19:00,12,同業他社との差,theme12_reel_03,テーマ12
2026/07/31,19:00,13,LINEデジタル窓口,theme13_reel_03,テーマ13
2026/08/01,19:00,14,面接転換設計,theme14_reel_03,テーマ14
2026/08/02,19:00,15,未経験者採用,theme15_reel_03,テーマ15
2026/08/03,19:00,01,応募前離脱,theme01_reel_04,テーマ1
2026/08/04,19:00,02,面接前設計ミス,theme02_reel_04,テーマ2
2026/08/05,19:00,03,給料より信頼,theme03_reel_04,テーマ3
2026/08/06,19:00,04,採用昭和あるある,theme04_reel_04,テーマ4
2026/08/07,19:00,05,採用資産化,theme05_reel_04,テーマ5
2026/08/08,19:00,06,現場が見えない,theme06_reel_04,テーマ6
2026/08/09,19:00,07,家族ブロック,theme07_reel_04,テーマ7
2026/08/10,19:00,08,社長の時間コスト,theme08_reel_04,テーマ8
2026/08/11,19:00,09,若手の行動心理,theme09_reel_04,テーマ9
2026/08/12,19:00,10,とりあえず応募,theme10_reel_04,テーマ10
2026/08/13,19:00,11,採用ページ信頼差,theme11_reel_04,テーマ11
2026/08/14,19:00,12,同業他社との差,theme12_reel_04,テーマ12
2026/08/15,19:00,13,LINEデジタル窓口,theme13_reel_04,テーマ13
2026/08/16,19:00,14,面接転換設計,theme14_reel_04,テーマ14
2026/08/17,19:00,15,未経験者採用,theme15_reel_04,テーマ15
2026/08/18,19:00,01,応募前離脱,theme01_reel_05,テーマ1
2026/08/19,19:00,02,面接前設計ミス,theme02_reel_05,テーマ2
2026/08/20,19:00,03,給料より信頼,theme03_reel_05,テーマ3
2026/08/21,19:00,04,採用昭和あるある,theme04_reel_05,テーマ4
2026/08/22,19:00,05,採用資産化,theme05_reel_05,テーマ5
2026/08/23,19:00,06,現場が見えない,theme06_reel_05,テーマ6
2026/08/24,19:00,07,家族ブロック,theme07_reel_05,テーマ7
2026/08/25,19:00,08,社長の時間コスト,theme08_reel_05,テーマ8
2026/08/26,19:00,09,若手の行動心理,theme09_reel_05,テーマ9
2026/08/27,19:00,10,とりあえず応募,theme10_reel_05,テーマ10
2026/08/28,19:00,11,採用ページ信頼差,theme11_reel_05,テーマ11
2026/08/29,19:00,12,同業他社との差,theme12_reel_05,テーマ12
2026/08/30,19:00,13,LINEデジタル窓口,theme13_reel_05,テーマ13
2026/08/31,19:00,14,面接転換設計,theme14_reel_05,テーマ14
2026/09/01,19:00,15,未経験者採用,theme15_reel_05,テーマ15
2026/09/02,19:00,01,応募前離脱,theme01_reel_06,テーマ1
2026/09/03,19:00,02,面接前設計ミス,theme02_reel_06,テーマ2
2026/09/04,19:00,03,給料より信頼,theme03_reel_06,テーマ3
2026/09/05,19:00,04,採用昭和あるある,theme04_reel_06,テーマ4
2026/09/06,19:00,05,採用資産化,theme05_reel_06,テーマ5
2026/09/07,19:00,06,現場が見えない,theme06_reel_06,テーマ6
2026/09/08,19:00,07,家族ブロック,theme07_reel_06,テーマ7
2026/09/09,19:00,08,社長の時間コスト,theme08_reel_06,テーマ8
2026/09/10,19:00,09,若手の行動心理,theme09_reel_06,テーマ9
2026/09/11,19:00,10,とりあえず応募,theme10_reel_06,テーマ10
2026/09/12,19:00,11,採用ページ信頼差,theme11_reel_06,テーマ11
2026/09/13,19:00,12,同業他社との差,theme12_reel_06,テーマ12
2026/09/14,19:00,13,LINEデジタル窓口,theme13_reel_06,テーマ13
2026/09/15,19:00,14,面接転換設計,theme14_reel_06,テーマ14
2026/09/16,19:00,15,未経験者採用,theme15_reel_06,テーマ15
